<?xml version="1.0" encoding="utf-8"?>
<openerp>
    <data>
        <record id="view_account_form" model="ir.ui.view">
            <field name="name">account.account.form</field>
            <field name="model">account.account</field>
            <field name="inherit_id" ref="account.view_account_form"></field>
            <field name="arch" type="xml">
                <field name="note" position="after">
                    <group colspan="4" string="Parallel Currency" groups="account.group_account_manager">
                        <field  name="parallel_accounts_summary" />
                        <button name="create_parallel_accounts" type="object" string="Create parallel accounts"></button>
                        <separator string="Parallel Currency Accounts" colspan="4"/>
                        <field colspan="4" name="parallel_account_ids" nolabel="1" domain="[('company_id', '!=', company_id)]"/>
                        <separator string="Master Parallel Currency Accounts" colspan="4"/>
                        <field colspan="4" name="master_parallel_account_ids" nolabel="1"/>
                    </group>
                </field>
            </field>
        </record>
        <record id="view_account_journal_form" model="ir.ui.view">
            <field name="name">view_account_journal_form</field>
            <field name="model">account.journal</field>
            <field name="inherit_id" ref="account.view_account_journal_form"></field>
            <field name="arch" type="xml">
                <page string="Entry Controls" position="after">
                    <page string="Parallel Currency"  groups="account.group_account_manager">
                        <separator string="Parallel Currency Journals" colspan="4"/>
                        <field colspan="4" name="parallel_journal_ids" nolabel="1" domain="[('company_id', '!=', company_id)]"/>
                        <separator string="Master Parallel Currency Journals" colspan="4"/>
                        <field colspan="4" name="master_parallel_journal_ids" nolabel="1"/>
                    </page>
                </page>
            </field>
        </record>
        <record id="view_tax_code_form" model="ir.ui.view">
            <field name="name">view_tax_code_form</field>
            <field name="model">account.tax.code</field>
            <field name="inherit_id" ref="account.view_tax_code_form"></field>
            <field name="arch" type="xml">
                <field name="info" position="after">
                    <group colspan="4" col="1" groups="account.group_account_manager">
                        <field  name="parallel_tax_codes_summary" />
                        <button name="create_parallel_tax_codes" type="object" string="Create parallel tax codes"></button>
                        <field name="parallel_tax_code_ids" domain="[('company_id', '!=', company_id)]"/>
                        <field name="master_parallel_tax_code_ids"/>
                    </group>
                </field>
            </field>
        </record>
        <record id="view_move_form" model="ir.ui.view">
            <field name="name">view_move_form</field>
            <field name="model">account.move</field>
            <field name="inherit_id" ref="account.view_move_form"></field>
            <field name="arch" type="xml">
                <page string="Journal Items" position="after">
                    <page string="Parallel Entries" groups="account.group_account_manager">
                        <field colspan="4" name="parallel_move_ids" nolabel="1" />
                    </page>
                </page>
            </field>
        </record>
    </data>
</openerp>
