<?xml version="1.0" encoding="UTF-8"?>
<openerp>
    <data>
        <record id="view_company_form" model="ir.ui.view">
            <field name="inherit_id" ref="base.view_company_form"/>
            <field name="name">view.company.form</field>
            <field name="model">res.company</field>
            <field name="arch" type="xml">
                <page string="Configuration" position="inside">
                    <separator string="Parallel Companies" colspan="4"/>
                    <field name="parallel_company_ids" nolabel="1" colspan="4"/>
                </page>
            </field>
        </record>
    </data>
</openerp>
