<?xml version="1.0" encoding="utf-8"?>
<openerp>
    <data>

        <!--
        Chart of Account A
        -->

        <record id="chart_subsidiary_a" model="account.account">
            <field name="code">X0</field>
            <field name="name">Chart For Automated Tests A</field>
            <field eval="0" name="parent_id"/>
            <field name="type">view</field>
            <field name="user_type" ref="account.data_account_type_view"/>
            <field name="company_id" ref="subsidiary_a"/>
        </record>

        <!-- Balance Sheet -->

        <record id="bal_a" model="account.account">
            <field name="code">X1</field>
            <field name="name">Balance Sheet - (test)</field>
            <field ref="chart_subsidiary_a" name="parent_id"/>
            <field name="type">view</field>
            <field name="user_type" ref="account.data_account_type_view"/>
            <field name="company_id" ref="subsidiary_a"/>
        </record>

        <record model="account.account" id="assets_view_a">
            <field name="name">Assets - (test)</field>
            <field name="code">X10</field>
            <field name="type">view</field>
            <field name="user_type" ref="account.data_account_type_asset"/>
            <field name="reconcile" eval="False"/>
            <field name="parent_id" ref="bal_a"/>
            <field name="company_id" ref="subsidiary_a"/>
        </record>

        <record id="fas_a" model="account.account">
            <field name="code">X100</field>
            <field name="name">Fixed Assets - (test)</field>
            <field ref="assets_view_a" name="parent_id"/>
            <field name="type">view</field>
            <field name="user_type" ref="account.data_account_type_asset"/>
            <field name="company_id" ref="subsidiary_a"/>
        </record>

        <record id="xfa_a" model="account.account">
            <field name="code">X1000</field>
            <field name="name">Fixed Asset Account - (test)</field>
            <field ref="fas_a" name="parent_id"/>
            <field name="type">other</field>
            <field name="user_type" ref="account.data_account_type_asset"/>
            <field name="company_id" ref="subsidiary_a"/>
        </record>

        <record id="nca_a" model="account.account">
            <field name="code">X101</field>
            <field name="name">Net Current Assets - (test)</field>
            <field ref="assets_view_a" name="parent_id"/>
            <field name="type">view</field>
            <field name="user_type" ref="account.data_account_type_asset"/>
            <field name="company_id" ref="subsidiary_a"/>
        </record>

        <record id="cas_a" model="account.account">
            <field name="code">X1100</field>
            <field name="name">Current Assets - (test)</field>
            <field ref="nca_a" name="parent_id"/>
            <field name="type">view</field>
            <field name="user_type" ref="account.data_account_type_asset"/>
            <field name="company_id" ref="subsidiary_a"/>
        </record>

        <record id="stk_a" model="account.account">
            <field name="code">X11001</field>
            <field name="name">Purchased Stocks - (test)</field>
            <field ref="cas_a" name="parent_id"/>
            <field name="type">other</field>
            <field name="user_type" ref="account.data_account_type_asset"/>
            <field name="company_id" ref="subsidiary_a"/>
        </record>

        <record id="a_recv_a" model="account.account">
            <field name="code">X11002</field>
            <field name="name">Debtors - (test)</field>
            <field ref="cas_a" name="parent_id"/>
            <field name="type">receivable</field>
            <field eval="True" name="reconcile"/>
            <field name="user_type" ref="account.data_account_type_receivable"/>
            <field name="company_id" ref="subsidiary_a"/>
        </record>

        <record id="ova_a" model="account.account">
            <field name="code">X11003</field>
            <field name="name">Output VAT - (test)</field>
            <field ref="cas_a" name="parent_id"/>
            <field name="type">other</field>
            <field name="user_type" ref="account.data_account_type_asset"/>
            <field name="company_id" ref="subsidiary_a"/>
        </record>

        <record id="bnk_a" model="account.account">
            <field name="code">X11004</field>
            <field name="name">Bank Current Account - (test)</field>
            <field ref="cas_a" name="parent_id"/>
            <field name="type">liquidity</field>
            <field name="user_type" ref="account.data_account_type_asset"/>
            <field name="company_id" ref="subsidiary_a"/>
        </record>

        <record id="cash_a" model="account.account">
            <field name="code">X11005</field>
            <field name="name">Cash - (test)</field>
            <field ref="cas_a" name="parent_id"/>
            <field name="type">liquidity</field>
            <field name="user_type" ref="account.data_account_type_asset"/>
            <field name="company_id" ref="subsidiary_a"/>
        </record>

        <record id="o_income_a" model="account.account">
            <field name="code">X11006</field>
            <field name="name">Opening Income - (test)</field>
            <field ref="cas_a" name="parent_id"/>
            <field name="type">other</field>
            <field name="user_type" ref="account.data_account_type_income"/>
            <field name="company_id" ref="subsidiary_a"/>
        </record>

        <record model="account.account" id="liabilities_view_a">
            <field name="name">Liabilities - (test)</field>
            <field name="code">X11</field>
            <field name="type">view</field>
            <field name="user_type" ref="account.data_account_type_liability"/>
            <field name="reconcile" eval="False"/>
            <field name="parent_id" ref="bal_a"/>
            <field name="company_id" ref="subsidiary_a"/>
        </record>

        <record id="cli_a" model="account.account">
            <field name="code">X110</field>
            <field name="name">Current Liabilities - (test)</field>
            <field ref="liabilities_view_a" name="parent_id"/>
            <field name="type">view</field>
            <field name="user_type" ref="account.data_account_type_liability"/>
            <field name="company_id" ref="subsidiary_a"/>
        </record>

        <record id="a_pay_a" model="account.account">
            <field name="code">X1111</field>
            <field name="name">Creditors - (test)</field>
            <field ref="cli_a" name="parent_id"/>
            <field name="type">payable</field>
            <field eval="True" name="reconcile"/>
            <field name="user_type" ref="account.data_account_type_payable"/>
            <field name="company_id" ref="subsidiary_a"/>
        </record>

        <record id="iva_a" model="account.account">
            <field name="code">X1112</field>
            <field name="name">Input VAT - (test)</field>
            <field ref="cli_a" name="parent_id"/>
            <field name="type">other</field>
            <field name="user_type" ref="account.data_account_type_liability"/>
            <field name="company_id" ref="subsidiary_a"/>
        </record>

        <record id="rsa_a" model="account.account">
            <field name="code">X1113</field>
            <field name="name">Reserve and Profit/Loss - (test)</field>
            <field ref="cli_a" name="parent_id"/>
            <field name="type">other</field>
            <field name="user_type" ref="account.data_account_type_liability"/>
            <field name="company_id" ref="subsidiary_a"/>
        </record>

        <record id="o_expense_a" model="account.account">
            <field name="code">X1114</field>
            <field name="name">Opening Expense - (test)</field>
            <field ref="cli_a" name="parent_id"/>
            <field name="type">other</field>
            <field name="user_type" ref="account.data_account_type_expense"/>
            <field name="company_id" ref="subsidiary_a"/>
        </record>

        <!-- Profit and Loss -->

        <record id="gpf_a" model="account.account">
            <field name="code">X2</field>
            <field name="name">Profit and Loss - (test)</field>
            <field ref="chart_subsidiary_a" name="parent_id"/>
            <field name="type">view</field>
            <field name="user_type" ref="account.data_account_type_view"/>
            <field name="company_id" ref="subsidiary_a"/>
        </record>

        <record model="account.account" id="income_view_a">
            <field name="name">Income - (test)</field>
            <field name="code">X20</field>
            <field name="type">view</field>
            <field name="user_type" ref="account.data_account_type_income"/>
            <field name="reconcile" eval="False"/>
            <field name="parent_id" ref="gpf_a"/>
            <field name="company_id" ref="subsidiary_a"/>
        </record>

        <record model="account.account" id="income_fx_income_a">
            <field name="name">Foreign Exchange Gain - (test)</field>
            <field name="code">X201</field>
            <field name="type">other</field>
            <field name="user_type" ref="account.data_account_type_income"/>
            <field name="reconcile" eval="False"/>
            <field name="parent_id" ref="income_view_a"/>
            <field name="company_id" ref="subsidiary_a"/>
        </record>

        <record id="rev_a" model="account.account">
            <field name="code">X200</field>
            <field name="name">Revenue - (test)</field>
            <field ref="income_view_a" name="parent_id"/>
            <field name="type">view</field>
            <field name="user_type" ref="account.data_account_type_income"/>
            <field name="company_id" ref="subsidiary_a"/>
        </record>

        <record id="a_sale_a" model="account.account">
            <field name="code">X2001</field>
            <field name="name">Product Sales - (test)</field>
            <field ref="rev_a" name="parent_id"/>
            <field name="type">other</field>
            <field name="user_type" ref="account.data_account_type_income"/>
            <field name="company_id" ref="subsidiary_a"/>
        </record>

        <record model="account.account" id="expense_view_a">
            <field name="name">Expense - (test)</field>
            <field name="code">X21</field>
            <field name="type">view</field>
            <field name="user_type" ref="account.data_account_type_expense"/>
            <field name="reconcile" eval="False"/>
            <field name="parent_id" ref="gpf_a"/>

            <field name="company_id" ref="subsidiary_a"/>
        </record>


        <record id="cos_a" model="account.account">
            <field name="code">X210</field>
            <field name="name">Cost of Sales - (test)</field>
            <field ref="expense_view_a" name="parent_id"/>
            <field name="type">view</field>
            <field name="user_type" ref="account.data_account_type_expense"/>
            <field name="company_id" ref="subsidiary_a"/>
        </record>

        <record id="cog_a" model="account.account">
            <field name="code">X2100</field>
            <field name="name">Cost of Goods Sold - (test)</field>
            <field ref="cos_a" name="parent_id"/>
            <field name="type">other</field>
            <field name="user_type" ref="account.data_account_type_expense"/>
            <field name="company_id" ref="subsidiary_a"/>
        </record>

        <record id="ovr_a" model="account.account">
            <field name="code">X211</field>
            <field name="name">Overheads - (test)</field>
            <field ref="expense_view_a" name="parent_id"/>
            <field name="type">view</field>
            <field name="user_type" ref="account.data_account_type_expense"/>
            <field name="company_id" ref="subsidiary_a"/>
        </record>

        <record id="a_expense_a" model="account.account">
            <field name="code">X2110</field>
            <field name="name">Expenses - (test)</field>
            <field ref="ovr_a" name="parent_id"/>
            <field name="type">other</field>
            <field name="user_type" ref="account.data_account_type_expense"/>
            <field name="company_id" ref="subsidiary_a"/>
        </record>

        <record model="account.account" id="income_fx_expense_a">
            <field name="name">Foreign Exchange Loss - (test)</field>
            <field name="code">X2111</field>
            <field name="type">other</field>
            <field name="user_type" ref="account.data_account_type_expense"/>
            <field name="reconcile" eval="False"/>
            <field name="parent_id" ref="ovr_a"/>
            <field name="company_id" ref="subsidiary_a"/>
        </record>

        <record id="a_salary_expense_a" model="account.account">
            <field name="code">X2112</field>
            <field name="name">Salary Expenses - (test)</field>
            <field ref="ovr_a" name="parent_id"/>
            <field name="type">other</field>
            <field name="user_type" ref="account.data_account_type_expense"/>
            <field name="company_id" ref="subsidiary_a"/>
        </record>

        <!-- Virtual Chart of Account -->

        <record id="virtual_chart_subsidiary_a" model="account.account">
            <field name="code">VAR</field>
            <field name="name">Virtual Chart For Automated Tests A</field>
            <field eval="0" name="parent_id"/>
            <field name="type">view</field>
            <field name="user_type" ref="account.data_account_type_view"/>
            <field name="company_id" ref="subsidiary_a"/>
        </record>

        <record id="vca_vae_a" model="account.account">
            <field name="code">VAE</field>
            <field name="name">Virtual Account Expense</field>
            <field eval="virtual_chart_subsidiary_a" name="parent_id"/>
            <field name="type">consolidation</field>
            <field name="user_type" ref="account.data_account_type_expense"/>
            <field name="company_id" ref="subsidiary_a"/>
            <field name="child_consol_ids" eval="[(6,0,[expense_view_a])]"/>
        </record>

        <record id="vca_vai_a" model="account.account">
            <field name="code">VAI</field>
            <field name="name">Virtual Account Income</field>
            <field eval="virtual_chart_subsidiary_a" name="parent_id"/>
            <field name="type">consolidation</field>
            <field name="user_type" ref="account.data_account_type_income"/>
            <field name="company_id" ref="subsidiary_a"/>
            <field name="child_consol_ids" eval="[(6,0,[income_view_a])]"/>
        </record>


        <!-- Set Virtual Chart of Accounts on Subsidiaries -->
        <record id="subsidiary_a" model="res.company">
            <field name="consolidation_chart_account_id" ref="virtual_chart_subsidiary_a"/>
        </record>

    </data>
</openerp>
