<?xml version="1.0" encoding="utf-8"?>
<openerp>
    <data>

        <!-- Subsidiaries -->
        <record id="subsidiary_a" model="res.company">
            <field name="name">Subsidiary A</field>
            <field name="currency_id" ref="base.CHF"/>
            <field name="parent_id" ref="base.main_company"/>
            <!--<field name="consolidation_chart_account_id" ref=""/>-->
        </record>

        <!-- Subsidiaries -->
        <record id="subsidiary_b" model="res.company">
            <field name="name">Subsidiary B</field>
            <field name="currency_id" ref="base.EUR"/>
            <field name="parent_id" ref="base.main_company"/>
            <!--<field name="consolidation_chart_account_id" ref=""/>-->
        </record>


        <!--
         Add consolidation accounts to Chart for Automated Tests
        -->

        <record id="chart0_consolidation" model="account.account">
            <field name="code">CONSO</field>
            <field name="name">Consolidation Account</field>
            <field ref="account.chart0" name="parent_id"/>
            <field name="type">view</field>
            <field name="user_type" ref="account.data_account_type_view"/>
            <field name="company_id" ref="base.main_company"/>
        </record>

        <record id="chart0_conso_expense" model="account.account">
            <field name="code">VAE</field>
            <field name="name">Consolidation Expense Account</field>
            <field ref="chart0_consolidation" name="parent_id"/>
            <field name="type">other</field>
            <field name="user_type" ref="account.data_account_type_expense"/>
            <field name="company_id" ref="base.main_company"/>
        </record>

        <record id="chart0_conso_income" model="account.account">
            <field name="code">VAI</field>
            <field name="name">Consolidation Income Account</field>
            <field ref="chart0_consolidation" name="parent_id"/>
            <field name="type">other</field>
            <field name="user_type" ref="account.data_account_type_income"/>
            <field name="company_id" ref="base.main_company"/>
        </record>

        <!--
        Fiscal years
        -->

        <record id="data_fiscalyear_a" model="account.fiscalyear">
            <field eval="'Subsidiary A Fiscal Year '+time.strftime('%Y')" name="name"/>
            <field eval="'FY'+time.strftime('%Y')" name="code"/>
            <field eval="time.strftime('%Y')+'-01-01'" name="date_start"/>
            <field eval="time.strftime('%Y')+'-12-31'" name="date_stop"/>
            <field name="company_id" ref="subsidiary_a"/>
        </record>

        <record id="data_fiscalyear_b" model="account.fiscalyear">
            <field eval="'Subsidiary B Fiscal Year '+time.strftime('%Y')" name="name"/>
            <field eval="'FY'+time.strftime('%Y')" name="code"/>
            <field eval="time.strftime('%Y')+'-01-01'" name="date_start"/>
            <field eval="time.strftime('%Y')+'-12-31'" name="date_stop"/>
            <field name="company_id" ref="subsidiary_b"/>
        </record>

        <!--
        Fiscal Periods
        -->

        <record id="period_a_1" model="account.period">
            <field eval="'01/'+time.strftime('%Y')" name="code"/>
            <field eval="'01/'+time.strftime('%Y')" name="name"/>
            <field eval="True" name="special"/>
            <field name="fiscalyear_id" ref="data_fiscalyear_a"/>
            <field eval="time.strftime('%Y')+'-01-01'" name="date_start"/>
            <field eval="time.strftime('%Y')+'-01-31'" name="date_stop"/>
            <field name="company_id" ref="subsidiary_a"/>
        </record>
        <record id="period_a_2" model="account.period">
            <field eval="'02/'+time.strftime('%Y')" name="code"/>
            <field eval="'02/'+time.strftime('%Y')" name="name"/>
            <field eval="True" name="special"/>
            <field name="fiscalyear_id" ref="data_fiscalyear_a"/>
            <field eval="time.strftime('%Y')+'-02-01'" name="date_start"/>
            <field eval="time.strftime('%Y')+'-02-28'" name="date_stop"/>
            <field name="company_id" ref="subsidiary_a"/>
        </record>
        <record id="period_a_3" model="account.period">
            <field eval="'03/'+time.strftime('%Y')" name="code"/>
            <field eval="'03/'+time.strftime('%Y')" name="name"/>
            <field eval="True" name="special"/>
            <field name="fiscalyear_id" ref="data_fiscalyear_a"/>
            <field eval="time.strftime('%Y')+'-03-01'" name="date_start"/>
            <field eval="time.strftime('%Y')+'-03-31'" name="date_stop"/>
            <field name="company_id" ref="subsidiary_a"/>
        </record>
        <record id="period_a_4" model="account.period">
            <field eval="'04/'+time.strftime('%Y')" name="code"/>
            <field eval="'04/'+time.strftime('%Y')" name="name"/>
            <field eval="True" name="special"/>
            <field name="fiscalyear_id" ref="data_fiscalyear_a"/>
            <field eval="time.strftime('%Y')+'-04-01'" name="date_start"/>
            <field eval="time.strftime('%Y')+'-04-30'" name="date_stop"/>
            <field name="company_id" ref="subsidiary_a"/>
        </record>
        <record id="period_a_5" model="account.period">
            <field eval="'05/'+time.strftime('%Y')" name="code"/>
            <field eval="'05/'+time.strftime('%Y')" name="name"/>
            <field eval="True" name="special"/>
            <field name="fiscalyear_id" ref="data_fiscalyear_a"/>
            <field eval="time.strftime('%Y')+'-05-01'" name="date_start"/>
            <field eval="time.strftime('%Y')+'-05-31'" name="date_stop"/>
            <field name="company_id" ref="subsidiary_a"/>
        </record>
        <record id="period_a_6" model="account.period">
            <field eval="'06/'+time.strftime('%Y')" name="code"/>
            <field eval="'06/'+time.strftime('%Y')" name="name"/>
            <field name="fiscalyear_id" ref="data_fiscalyear_a"/>
            <field eval="True" name="special"/>
            <field eval="time.strftime('%Y')+'-06-01'" name="date_start"/>
            <field eval="time.strftime('%Y')+'-06-30'" name="date_stop"/>
            <field name="company_id" ref="subsidiary_a"/>
        </record>
        <record id="period_a_7" model="account.period">
            <field eval="'07/'+time.strftime('%Y')" name="code"/>
            <field eval="'07/'+time.strftime('%Y')" name="name"/>
            <field eval="True" name="special"/>
            <field name="fiscalyear_id" ref="data_fiscalyear_a"/>
            <field eval="time.strftime('%Y')+'-07-01'" name="date_start"/>
            <field eval="time.strftime('%Y')+'-07-31'" name="date_stop"/>
            <field name="company_id" ref="subsidiary_a"/>
        </record>
        <record id="period_a_8" model="account.period">
            <field eval="'08/'+time.strftime('%Y')" name="code"/>
            <field eval="'08/'+time.strftime('%Y')" name="name"/>
            <field eval="True" name="special"/>
            <field name="fiscalyear_id" ref="data_fiscalyear_a"/>
            <field eval="time.strftime('%Y')+'-08-01'" name="date_start"/>
            <field eval="time.strftime('%Y')+'-08-31'" name="date_stop"/>
            <field name="company_id" ref="subsidiary_a"/>
        </record>
        <record id="period_a_9" model="account.period">
            <field eval="'09/'+time.strftime('%Y')" name="code"/>
            <field eval="'09/'+time.strftime('%Y')" name="name"/>
            <field eval="True" name="special"/>
            <field name="fiscalyear_id" ref="data_fiscalyear_a"/>
            <field eval="time.strftime('%Y')+'-09-01'" name="date_start"/>
            <field eval="time.strftime('%Y')+'-09-30'" name="date_stop"/>
            <field name="company_id" ref="subsidiary_a"/>
        </record>
        <record id="period_a_10" model="account.period">
            <field eval="'10/'+time.strftime('%Y')" name="code"/>
            <field eval="'10/'+time.strftime('%Y')" name="name"/>
            <field eval="True" name="special"/>
            <field name="fiscalyear_id" ref="data_fiscalyear_a"/>
            <field eval="time.strftime('%Y')+'-10-01'" name="date_start"/>
            <field eval="time.strftime('%Y')+'-10-31'" name="date_stop"/>
            <field name="company_id" ref="subsidiary_a"/>
        </record>
        <record id="period_a_11" model="account.period">
            <field eval="'11/'+time.strftime('%Y')" name="code"/>
            <field eval="'11/'+time.strftime('%Y')" name="name"/>
            <field eval="True" name="special"/>
            <field name="fiscalyear_id" ref="data_fiscalyear_a"/>
            <field eval="time.strftime('%Y')+'-11-01'" name="date_start"/>
            <field eval="time.strftime('%Y')+'-11-30'" name="date_stop"/>
            <field name="company_id" ref="subsidiary_a"/>
        </record>
        <record id="period_a_12" model="account.period">
            <field eval="'12/'+time.strftime('%Y')" name="code"/>
            <field eval="'12/'+time.strftime('%Y')" name="name"/>
            <field eval="True" name="special"/>
            <field name="fiscalyear_id" ref="data_fiscalyear_a"/>
            <field eval="time.strftime('%Y')+'-12-01'" name="date_start"/>
            <field eval="time.strftime('%Y')+'-12-31'" name="date_stop"/>
            <field name="company_id" ref="subsidiary_a"/>
        </record>

        <record id="period_b_1" model="account.period">
            <field eval="'01/'+time.strftime('%Y')" name="code"/>
            <field eval="'01/'+time.strftime('%Y')" name="name"/>
            <field eval="True" name="special"/>
            <field name="fiscalyear_id" ref="data_fiscalyear_b"/>
            <field eval="time.strftime('%Y')+'-01-01'" name="date_start"/>
            <field eval="time.strftime('%Y')+'-01-31'" name="date_stop"/>
            <field name="company_id" ref="subsidiary_b"/>
        </record>
        <record id="period_b_2" model="account.period">
            <field eval="'02/'+time.strftime('%Y')" name="code"/>
            <field eval="'02/'+time.strftime('%Y')" name="name"/>
            <field eval="True" name="special"/>
            <field name="fiscalyear_id" ref="data_fiscalyear_b"/>
            <field eval="time.strftime('%Y')+'-02-01'" name="date_start"/>
            <field eval="time.strftime('%Y')+'-02-28'" name="date_stop"/>
            <field name="company_id" ref="subsidiary_b"/>
        </record>
        <record id="period_b_3" model="account.period">
            <field eval="'03/'+time.strftime('%Y')" name="code"/>
            <field eval="'03/'+time.strftime('%Y')" name="name"/>
            <field eval="True" name="special"/>
            <field name="fiscalyear_id" ref="data_fiscalyear_b"/>
            <field eval="time.strftime('%Y')+'-03-01'" name="date_start"/>
            <field eval="time.strftime('%Y')+'-03-31'" name="date_stop"/>
            <field name="company_id" ref="subsidiary_b"/>
        </record>
        <record id="period_b_4" model="account.period">
            <field eval="'04/'+time.strftime('%Y')" name="code"/>
            <field eval="'04/'+time.strftime('%Y')" name="name"/>
            <field eval="True" name="special"/>
            <field name="fiscalyear_id" ref="data_fiscalyear_b"/>
            <field eval="time.strftime('%Y')+'-04-01'" name="date_start"/>
            <field eval="time.strftime('%Y')+'-04-30'" name="date_stop"/>
            <field name="company_id" ref="subsidiary_b"/>
        </record>
        <record id="period_b_5" model="account.period">
            <field eval="'05/'+time.strftime('%Y')" name="code"/>
            <field eval="'05/'+time.strftime('%Y')" name="name"/>
            <field eval="True" name="special"/>
            <field name="fiscalyear_id" ref="data_fiscalyear_b"/>
            <field eval="time.strftime('%Y')+'-05-01'" name="date_start"/>
            <field eval="time.strftime('%Y')+'-05-31'" name="date_stop"/>
            <field name="company_id" ref="subsidiary_b"/>
        </record>
        <record id="period_b_6" model="account.period">
            <field eval="'06/'+time.strftime('%Y')" name="code"/>
            <field eval="'06/'+time.strftime('%Y')" name="name"/>
            <field name="fiscalyear_id" ref="data_fiscalyear_b"/>
            <field eval="True" name="special"/>
            <field eval="time.strftime('%Y')+'-06-01'" name="date_start"/>
            <field eval="time.strftime('%Y')+'-06-30'" name="date_stop"/>
            <field name="company_id" ref="subsidiary_b"/>
        </record>
        <record id="period_b_7" model="account.period">
            <field eval="'07/'+time.strftime('%Y')" name="code"/>
            <field eval="'07/'+time.strftime('%Y')" name="name"/>
            <field eval="True" name="special"/>
            <field name="fiscalyear_id" ref="data_fiscalyear_b"/>
            <field eval="time.strftime('%Y')+'-07-01'" name="date_start"/>
            <field eval="time.strftime('%Y')+'-07-31'" name="date_stop"/>
            <field name="company_id" ref="subsidiary_b"/>
        </record>
        <record id="period_b_8" model="account.period">
            <field eval="'08/'+time.strftime('%Y')" name="code"/>
            <field eval="'08/'+time.strftime('%Y')" name="name"/>
            <field eval="True" name="special"/>
            <field name="fiscalyear_id" ref="data_fiscalyear_b"/>
            <field eval="time.strftime('%Y')+'-08-01'" name="date_start"/>
            <field eval="time.strftime('%Y')+'-08-31'" name="date_stop"/>
            <field name="company_id" ref="subsidiary_b"/>
        </record>
        <record id="period_b_9" model="account.period">
            <field eval="'09/'+time.strftime('%Y')" name="code"/>
            <field eval="'09/'+time.strftime('%Y')" name="name"/>
            <field eval="True" name="special"/>
            <field name="fiscalyear_id" ref="data_fiscalyear_b"/>
            <field eval="time.strftime('%Y')+'-09-01'" name="date_start"/>
            <field eval="time.strftime('%Y')+'-09-30'" name="date_stop"/>
            <field name="company_id" ref="subsidiary_b"/>
        </record>
        <record id="period_b_10" model="account.period">
            <field eval="'10/'+time.strftime('%Y')" name="code"/>
            <field eval="'10/'+time.strftime('%Y')" name="name"/>
            <field eval="True" name="special"/>
            <field name="fiscalyear_id" ref="data_fiscalyear_b"/>
            <field eval="time.strftime('%Y')+'-10-01'" name="date_start"/>
            <field eval="time.strftime('%Y')+'-10-31'" name="date_stop"/>
            <field name="company_id" ref="subsidiary_b"/>
        </record>
        <record id="period_b_11" model="account.period">
            <field eval="'11/'+time.strftime('%Y')" name="code"/>
            <field eval="'11/'+time.strftime('%Y')" name="name"/>
            <field eval="True" name="special"/>
            <field name="fiscalyear_id" ref="data_fiscalyear_b"/>
            <field eval="time.strftime('%Y')+'-11-01'" name="date_start"/>
            <field eval="time.strftime('%Y')+'-11-30'" name="date_stop"/>
            <field name="company_id" ref="subsidiary_b"/>
        </record>
        <record id="period_b_12" model="account.period">
            <field eval="'12/'+time.strftime('%Y')" name="code"/>
            <field eval="'12/'+time.strftime('%Y')" name="name"/>
            <field eval="True" name="special"/>
            <field name="fiscalyear_id" ref="data_fiscalyear_b"/>
            <field eval="time.strftime('%Y')+'-12-01'" name="date_start"/>
            <field eval="time.strftime('%Y')+'-12-31'" name="date_stop"/>
            <field name="company_id" ref="subsidiary_b"/>
        </record>

        <record id="account_journal_sale0" model="account.journal">
            <field name="code">SALE</field>
            <field name="name">SALE</field>
            <field name="company_id" ref="account_consolidation.subsidiary_a"/>
            <field name="sequence_id" ref="account.sequence_sale_journal"/>
            <field eval="1" name="allow_date"/>
            <field name="type">sale</field>
        </record>

        <record id="account_journal_sale1" model="account.journal">
            <field name="code">SALE</field>
            <field name="name">SALE</field>
            <field name="company_id" ref="account_consolidation.subsidiary_b"/>
            <field name="sequence_id" ref="account.sequence_sale_journal"/>
            <field eval="1" name="allow_date"/>
            <field name="type">sale</field>
        </record>

    </data>
</openerp>
