<?xml version="1.0" encoding="utf-8"?>
<openerp>
    <data>

        <record id="view_account_consolidation_form" model="ir.ui.view">
            <field name="name">account.account.consolidation.form</field>
            <field name="model">account.account</field>
            <field name="inherit_id" ref="account.view_account_form"/>
            <field name="type">form</field>
            <field name="arch" type="xml">
                <data>
                    <xpath expr="//field[@name='note']" position="after">
                        <group groups="account_consolidation.consolidation_manager">
                            <separator string="Consolidation" colspan="2"/>
                            <field name="consolidation_rate_type_id" widget="selection"/>
                            <field name="consolidation_mode"/>
                        </group>
                    </xpath>

                </data>
            </field>
        </record>

        <record id="view_account_type_consolidation_form" model="ir.ui.view">
            <field name="name">account.account.type.consolidation.form</field>
            <field name="model">account.account.type</field>
            <field name="inherit_id" ref="account.view_account_type_form" />
            <field name="type">form</field>
            <field name="arch" type="xml">
                <separator string="Description" position="before">
                    <group col="2" colspan="2" groups="account_consolidation.consolidation_manager">
                        <separator string="Consolidation" colspan="4"/>
                        <field name="consolidation_rate_type_id" widget="selection"/>
                        <field name="consolidation_mode"/>
                    </group>
                </separator>
            </field>
        </record>

        <record id="view_move_consolidation_form" model="ir.ui.view">
            <field name="name">account.move.consolidation.form</field>
            <field name="model">account.move</field>
            <field name="inherit_id" ref="account.view_move_form"/>
            <field name="type">form</field>
            <field name="arch" type="xml">
                <field name="company_id" position="after">
                    <field name="consol_company_id"
                        attrs="{'invisible': [('consol_company_id', '=', False)]}"
                        groups="account_consolidation.consolidation_manager,account_consolidation.consolidation_user"/>
                </field>
            </field>
        </record>

    </data>
</openerp>
