<openerp>
  <data>
    <record id="view_move_line_tree" model="ir.ui.view">
      <field name="name">account.move.line.tree.conso</field>
      <field name="model">account.move.line</field>
      <field name="inherit_id" ref="account.view_move_line_tree"/>
      <field name="arch" type="xml">
        <field name="date" position="before">
          <field name="consol_company_id"
                 groups="account_consolidation.consolidation_manager,account_consolidation.consolidation_user"/>
          <field name="is_current_company" invisible="1"/>
        </field>
      </field>
    </record>

    <record id="view_account_move_line_filter" model="ir.ui.view">
      <field name="name">Journal Items conso</field>
      <field name="model">account.move.line</field>
      <field name="inherit_id" ref="account.view_account_move_line_filter"/>
      <field name="arch" type="xml">
        <filter string="Period" position="after">
          <filter string="Subsidaries"
                  icon="terp-folder-green"
                  context="{'group_by':'consol_company_id'}"
                  groups="account_consolidation.consolidation_manager,account_consolidation.consolidation_user"/>
        </filter>
      </field>
    </record>
  </data>
</openerp>
