<?xml version="1.0" encoding="utf-8"?>
<openerp>
    <data>

        <record model="ir.ui.view" id="view_company_inherit_form">
            <field name="name">res.company.form.inherit</field>
            <field name="inherit_id" ref="base.view_company_form"/>
            <field name="model">res.company</field>
            <field name="type">form</field>
            <field name="arch" type="xml">
                <page string="Configuration" position="inside">
                  <group col="2" colspan="2" groups="account_consolidation.consolidation_manager">
                      <separator string="Accounts Consolidation" colspan="2"/>
                      <field name="consolidation_chart_account_id" colspan="2"/>
                      <field name="consolidation_diff_account_id" colspan="2"/>
                  </group>
                </page>
            </field>
        </record>

    </data>
</openerp>
